<?xml version="1.0" encoding="UTF-8" standalone="yes"?>
<mule-project xmlns="http://www.mulesoft.com/tooling/project" runtimeId="org.mule.tooling.server.3.8.4.ee" schemaVersion="5.3.0.0">
    <name>fcm-mdm-orders-pub3</name>
    <description></description>
    <muleExtension name="Zuora" qualifier="org.mule.tooling.ui.contribution.zuora.3.5.0"/>
    <muleExtension name="NetSuite" qualifier="org.mule.tooling.ui.contribution.netsuite.3.5.0"/>
    <muleExtension name="Anypoint MQ" qualifier="org.mule.tooling.messaging.contribution"/>
    <muleExtension name="Salesforce" qualifier="org.mule.tooling.ui.contribution.sfdc.3.5.0"/>
</mule-project>
