<?xml version="1.0" encoding="UTF-8"?>
<mule xmlns:mulexml="http://www.mulesoft.org/schema/mule/xml"
	xmlns:sfdc="http://www.mulesoft.org/schema/mule/sfdc" xmlns:anypoint-mq="http://www.mulesoft.org/schema/mule/anypoint-mq"
	xmlns:validation="http://www.mulesoft.org/schema/mule/validation"
	xmlns:db="http://www.mulesoft.org/schema/mule/db"
	xmlns:secure-property-placeholder="http://www.mulesoft.org/schema/mule/secure-property-placeholder"
	xmlns:ee="http://www.mulesoft.org/schema/mule/ee/core" xmlns:metadata="http://www.mulesoft.org/schema/mule/metadata" xmlns="http://www.mulesoft.org/schema/mule/core" xmlns:doc="http://www.mulesoft.org/schema/mule/documentation" xmlns:spring="http://www.springframework.org/schema/beans" xmlns:json="http://www.mulesoft.org/schema/mule/json" xmlns:http="http://www.mulesoft.org/schema/mule/http" xmlns:netsuite="http://www.mulesoft.org/schema/mule/netsuite" xmlns:tls="http://www.mulesoft.org/schema/mule/tls" xmlns:dw="http://www.mulesoft.org/schema/mule/ee/dw" xmlns:core="http://www.mulesoft.org/schema/mule/core" xmlns:xsi="http://www.w3.org/2001/XMLSchema-instance" xsi:schemaLocation="
http://www.mulesoft.org/schema/mule/xml http://www.mulesoft.org/schema/mule/xml/current/mule-xml.xsd http://www.mulesoft.org/schema/mule/anypoint-mq http://www.mulesoft.org/schema/mule/anypoint-mq/current/mule-anypoint-mq.xsd
http://www.mulesoft.org/schema/mule/validation http://www.mulesoft.org/schema/mule/validation/current/mule-validation.xsd
http://www.mulesoft.org/schema/mule/db http://www.mulesoft.org/schema/mule/db/current/mule-db.xsd
http://www.mulesoft.org/schema/mule/secure-property-placeholder http://www.mulesoft.org/schema/mule/secure-property-placeholder/current/mule-secure-property-placeholder.xsd
http://www.mulesoft.org/schema/mule/json http://www.mulesoft.org/schema/mule/json/current/mule-json.xsd
http://www.mulesoft.org/schema/mule/tls http://www.mulesoft.org/schema/mule/tls/current/mule-tls.xsd
http://www.mulesoft.org/schema/mule/netsuite http://www.mulesoft.org/schema/mule/netsuite/current/mule-netsuite.xsd
http://www.mulesoft.org/schema/mule/http http://www.mulesoft.org/schema/mule/http/current/mule-http.xsd
http://www.mulesoft.org/schema/mule/ee/dw http://www.mulesoft.org/schema/mule/ee/dw/current/dw.xsd
http://www.springframework.org/schema/beans http://www.springframework.org/schema/beans/spring-beans-current.xsd
http://www.mulesoft.org/schema/mule/core http://www.mulesoft.org/schema/mule/core/current/mule.xsd
http://www.mulesoft.org/schema/mule/ee/core http://www.mulesoft.org/schema/mule/ee/core/current/mule-ee.xsd
http://www.mulesoft.org/schema/mule/sfdc http://www.mulesoft.org/schema/mule/sfdc/current/mule-sfdc.xsd">
    
    <mulexml:namespace-manager includeConfigNamespaces="true">
 <mulexml:namespace prefix="ns1" uri="http://api.zuora.com/"/>
 <mulexml:namespace prefix="ns2" uri="http://object.api.zuora.com/"/>
 </mulexml:namespace-manager>
    <http:listener-config name="api-httpListenerConfig"  host="0.0.0.0" port="${https.port}" basePath="/v2.0"  doc:name="HTTP Listener Configuration"/>
 <anypoint-mq:config name="Anypoint_MQ_Connection_01" maxRedelivery="${connection.anypointmq.01.maxredelivery}" acknowledgementTimeout="${connection.anypointmq.01.acktimeout}" pollingTime="${connection.anypointmq.01.poolingtime}" doc:name="Anypoint MQ Configuration">
        <tls:context>
            <tls:trust-store insecure="true"/>
        </tls:context>
        <anypoint-mq:provider url="${connection.anypointmq.01.url}" clientId="${connection.anypointmq.01.clientappid}" clientSecret="${connection.anypointmq.01.clientsecret}"/>
    </anypoint-mq:config>
    
    
	
	<validation:config name="Validation_Configuration" doc:name="Validation Configuration" />

    <netsuite:config-request-level-token-based-authentication name="NetSuite__Request_Level_Token_Based_Authentication" consumerKey="${connection.netsuite.01.consumerkey}" consumerSecret="${connection.netsuite.01.consumersecurity}" tokenId="${connection.netsuite.01.tokenid}" tokenSecret="${connection.netsuite.01.tokensecret}" account="${connection.netsuite.01.account}" connectionTimeout="${connection.netsuite.01.timeout.connection}" receiveTimeout="${connection.netsuite.01.timeout.receive}" signatureAlgorithm="HMAC_SHA_256" restletEndpoint="${connection.netsuite.01.restletendpoint}" endpoint="${connection.netsuite.01.endpoint}" doc:name="NetSuite: Request Level Token Based Authentication">
        <reconnect frequency="${connection.netsuite.01.retry.interval}" count="${connection.netsuite.01.retry.count}"/>
    </netsuite:config-request-level-token-based-authentication>
    <sfdc:config name="Salesforce__Basic_Authentication" username="${connection.apttus.01.username}" password="${connection.apttus.01.password}" securityToken="${connection.apttus.01.securitytoken}" url="${connection.apttus.01.authurl}" doc:name="Salesforce: Basic Authentication"/>
   
</mule>
